reporteurid;airport
0;BGO
4;SXF
5;SEN
7;VIE
12;DBV
14;MST
15;DRS
19;ORY
20;HAU
21;TIV
22;INN
25;NCL
26;VCE
28;GRZ
31;KTW
32;DSA
35;SAW
36;CTA
39;AGP
45;BEG
46;BRQ
50;GRQ
54;JTR
56;OLB
59;SVX
61;WMI
67;AAR
69;BRS
71;SVO
72;RVN
73;CLJ
79;SNN
83;INN
84;AMS
87;VNO
88;TMP
91;PEG
94;LUG
95;FAE
96;FKB
97;IBZ
101;TGD
102;SVQ
103;LCA
104;CRL
105;LUX
108;ABZ
109;ALC
110;KEF
114;GVA
116;BRI
118;BHX
119;FNC
121;AYT
123;BEG
127;LUX
131;FCO
132;FDH
133;TZL
136;FAE
137;GYD
139;BGO
144;SDR
146;BHX
150;LCY
155;ZAD
162;SEN
164;ANR
165;LIL
167;BEG
168;FSC
169;TRF
171;PMO
173;KIV
174;NCL
177;SPC
178;LJU
179;TIA
181;DME
193;SVQ
195;CAG
198;TOS
199;MAD
203;LED
205;AHO
207;CGN
209;TZX
213;TSE
217;PSR
219;OVD
222;TSF
225;BIA
227;SOU
229;RTM
231;BJV
233;KRS
234;MAD
235;AOI
236;POZ
239;DLM
240;LTN
241;AOI
242;RVN
243;DME
245;BGY
246;BEG
248;AES
249;BEG
250;ESB
251;RIX
253;KBP
254;BUD
255;ZRH
258;BRN
259;FNC
261;OVB
262;DRS
265;TFS
267;SOU
268;OVD
269;KBP
273;SAW
274;TOS
275;IST
279;LJU
280;PMI
284;OVB
288;FSC
291;REU
294;BLQ
295;ABZ
296;TGD
297;ALA
304;HAJ
307;LIS
313;SVX
315;STN
316;CGN
318;TFS
323;TZX
324;DEB
328;DUB
329;LJU
330;KTW
333;SNN
340;TLN
341;WMI
349;PEG
351;SNN
353;FUE
354;BOO
355;BLL
357;BEG
359;BIQ
366;BLL
368;CLJ
372;BIO
373;XRY
375;BTS
377;ALC
382;BHX
385;TGD
389;EMA
396;LIN
398;AES
400;BFS
402;DUS
403;AER
404;MPL
405;ATH
409;SKG
410;OVB
412;LIS
413;TRN
414;SXF
415;VNO
420;BIQ
421;OST
422;PUY
432;NTE
433;FAE
434;BEG
437;AES
438;VRN
442;FDH
444;SXB
448;PFO
449;SCQ
450;FSC
451;AJA
454;SAW
456;BVA
457;PSA
458;TPS
459;LGW
461;WMI
463;FMO
464;KTW
466;ZTH
470;MUC
473;PMO
474;POZ
476;GRZ
479;SVX
482;ORY
484;SOF
485;KGS
487;SKP
488;TRF
489;BEG
490;BOJ
492;ORY
495;SNN
499;OUL
501;STR
507;VAR
510;TFN
515;CIA
518;POZ
519;AYT
523;LGG
524;PFO
525;VAA
526;ZAG
532;RVN
533;EXT
534;CPH
538;RHO
539;BEG
541;VAA
543;FUE
547;POZ
548;LPL
554;ZRH
556;ODS
558;RNS
559;MAH
562;ZRH
563;EXT
566;KGS
569;ABZ
570;EIN
573;CTA
581;OSL
583;VIE
584;NCL
589;BFS
590;TFS
596;WMI
599;MPL
601;BRI
602;GDN
604;LEI
606;JER
608;ANR
609;PRN
611;DEB
613;ORY
617;BRU
619;TKU
621;SNN
624;AAL
625;BRE
626;KTW
628;RUN
629;EDI
634;DEB
637;TIA
639;GVA
640;LBA
644;SOU
646;SPC
647;BTS
650;BDS
651;FMO
654;RHO
655;DRS
656;DBV
658;VST
662;BRI
664;VIE
667;POZ
669;DUB
671;MLA
675;ATH
677;VKO
679;DRS
680;TGD
681;AHO
682;DUB
685;EDI
686;SVO
689;TRF
691;NUE
696;BGY
698;POZ
702;NYO
706;LHR
707;TBS
708;GRQ
719;BGO
721;AYT
726;KSC
728;LWO
730;BRU
731;LHR
733;VRN
734;BEG
736;VAR
738;CHQ
741;BOJ
745;GYD
749;AGP
750;HUY
751;MSQ
754;BEG
758;KLU
759;DBV
760;KEF
761;PUY
762;NOC
763;HER
764;OVB
765;DUB
767;MXP
768;FKB
771;HEL
776;MPL
783;GYD
784;ARN
786;BRE
790;RMU
792;WMI
795;DSA
796;CRL
797;HUY
800;XRY
801;KGS
802;TLN
804;FDH
806;PRN
810;EGC
811;STR
812;LYS
813;OST
816;LCY
817;ADB
819;BEG
820;EIN
821;OUL
828;NAP
831;TRF
833;TKU
834;TSE
838;NRN
839;OTP
840;VRN
842;GRQ
844;MST
845;DTM
846;AES
847;SOU
849;DRS
851;SOF
853;BDS
856;AHO
859;LYS
861;ZAZ
864;TRD
868;PUY
869;TOS
871;LBA
873;MAD
875;INI
880;MPL
882;BGY
884;STN
885;NCE
889;LBA
893;MUC
895;RIX
897;LIS
899;ARN
900;BVA
904;PMI
910;OLB
912;TFN
918;HAJ
919;BEG
923;BDS
924;PMI
926;ZTH
929;NOC
933;KEF
935;NTE
938;MXP
939;PEG
943;MAD
944;VIE
948;AHO
949;WAW
951;CIA
953;TRF
954;GRZ
960;SVX
961;TFS
967;FRA
968;BEG
970;IEV
971;PUY
973;PMI
974;FSC
976;ODS
980;BER
984;GLA
987;FKB
988;WMI
989;TLN
995;FMM
996;KIR
997;KRS
999;ESB
1006;OVD
1007;GOA
1008;PEG
1014;HHN
1015;BEG
1017;TIV
1018;VAA
1019;ATH
1021;DUS
1023;SVG
1027;LEI
1028;BUD
1031;BEG
1033;VCE
1036;PSR
1037;ADA
1038;BCN
1040;MXP
1041;BHD
1042;DLM
1043;EMA
1046;EVN
1048;HAU
1049;KLU
1050;BEG
1052;TIV
1057;LPL
1059;NOC
1063;OPO
1064;MSQ
1065;GRO
1074;GDN
1076;GOA
1077;HEL
1078;SOF
1079;TLN
1080;HAJ
1081;SUF
1083;AOI
1086;CAG
1091;KGS
1095;ADB
1099;KTW
1100;SAW
1101;CIY
1105;SOF
1108;LJU
1110;BIA
1115;EDI
1116;STR
1120;BGY
1121;ABZ
1124;HHN
1125;DLM
1129;LPL
1137;SPC
1139;LEI
1141;CIA
1143;XRY
1144;BEG
1146;LUG
1149;FMO
1150;BDS
1151;ALC
1156;FNC
1166;NOC
1167;DUB
1171;DLM
1172;LIS
1174;KBP
1175;TSR
1187;ANR
1191;VRN
1192;BRU
1195;VNO
1196;LUX
1197;AOI
1199;RTM
1203;BSL
1204;AHO
1206;ACE
1209;CRL
1211;PIK
1215;BFS
1216;LEI
1218;LCA
1221;BHD
1222;BEG
1224;FRA
1226;LPL
1227;IEV
1230;AJA
1231;PUY
1234;LED
1235;FNC
1238;FDH
1239;RTM
1246;TGD
1248;CTA
1254;BJV
1259;AES
1261;DSA
1262;SPC
1266;ESB
1269;PSA
1270;CGN
1277;LPL
1279;RIX
1280;GYD
1281;KIR
1286;ZTH
1287;BUD
1289;CGN
1291;BEG
1292;RTM
1293;VCE
1294;PIK
1295;BHD
1297;BOJ
1299;AOI
1300;LPA
1301;DME
1302;SCQ
1303;NYO
1307;BCN
1308;ALA
1309;WMI
1313;FMO
1314;BHX
1316;FKB
1317;BEG
1318;NCL
1320;VST
1324;KRS
1328;JTR
1331;AMS
1332;VNO
1335;FSC
1337;SEN
1342;TOS
1344;CTA
1347;ADB
1350;CGN
1355;LCY
1356;MMX
1360;BRE
1363;INN
1364;HUY
1367;TRN
1373;TSF
1375;INI
1378;CGN
1381;BLQ
1384;NOC
1385;AYT
1388;GRQ
1394;BEG
1396;HER
1398;AAL
1402;BRI
1406;OVD
1409;CDG
1411;MAH
1412;STR
1416;TXL
1419;VAA
1422;STN
1428;VCE
1429;BEG
1430;SVQ
1431;BHD
1434;GRQ
1436;TXL
1437;ADA
1442;VST
1444;GYD
1445;TXL
1446;PRG
1449;FSC
1450;TSE
1451;OTP
1452;CGN
1454;LHR
1455;BGY
1459;EDI
1460;LED
1463;ZAD
1472;RTM
1475;OVB
1476;RVN
1479;BGO
1483;ACE
1484;SOU
1487;STR
1488;MST
1490;DRS
1495;LIL
1497;TBS
1500;VCE
1502;OST
1503;HAJ
1505;GLA
1510;HEL
1511;BEG
1512;OPO
1513;LIL
1514;MRS
1515;ALC
1518;NRN
1521;DTM
1522;BEG
1527;IAS
1529;KSC
1531;MST
1532;PMI
1533;NAP
1538;JTR
1539;AYT
1540;NRN
1543;CIY
1545;BLL
1546;BES
1547;BEG
1549;SOU
1556;XRY
1557;LEJ
1560;FDH
1562;LYS
1565;VRN
1568;KIR
1569;VCE
1574;TKU
1578;TGD
1580;LIS
1581;AER
1582;BIA
1584;DUB
1585;TMP
1587;OLB
1588;FSC
1596;LUG
1600;BEG
1601;RVN
1607;AHO
1608;DLM
1609;SVX
1610;BEG
1612;GRZ
1619;AJA
1628;LHR
1630;BEG
1632;AOI
1637;TSR
1643;ABZ
1644;BJV
1652;ATH
1654;TRD
1655;KLU
1656;CTA
1657;BTS
1659;AOI
1662;DEB
1665;OVD
1668;ZAG
1672;MSQ
1673;TIV
1676;BER
1678;CTA
1680;SAW
1682;BOD
1684;KUN
1686;SVO
1687;SDR
1693;SPU
1695;SAW
1696;WAW
1698;BEG
1699;DTM
1700;KUN
1704;KEF
1705;STR
1706;KIV
1708;HEL
1709;LNZ
1710;AAR
1711;SPC
1716;KTW
1719;ARN
1720;LEJ
1722;LGG
1723;BEG
1728;SJJ
1730;ODS
1733;LNZ
1734;CWL
1736;LNZ
1737;LIS
1739;ANR
1740;TIV
1742;FCO
1743;TRN
1746;FLR
1750;TXL
1756;DRS
1757;LIN
1759;LIL
1762;CPH
1763;IBZ
1764;ESB
1767;BJV
1768;SVX
1770;LCA
1771;RMU
1772;BHX
1780;NUE
1782;CWL
1784;BEG
1786;FKB
1788;TZL
1794;LIS
1795;BEG
1798;BEG
1803;GOT
1804;SEN
1806;RVN
1807;EIN
1814;TXL
1815;IBZ
1816;BIO
1818;TSE
1821;NYO
1829;BVA
1831;WMI
1834;VST
1835;BEG
1836;TLL
1837;AMS
1839;SKP
1840;PUY
1842;LCA
1843;RIX
1845;MAD
1847;EVN
1849;TPS
1850;KRK
1851;ADA
1854;MLA
1856;CIA
1858;MLA
1863;LCA
1864;BEG
1865;BES
1870;LPL
1871;BIA
1874;NRN
1875;CIY
1882;TIV
1887;BTS
1890;NOC
1891;PSA
1892;OTP
1894;ORK
1895;DUS
1896;TRN
1899;BDS
1903;GRQ
1904;TMP
1908;LUX
1911;BIA
1913;VST
1914;BEG
1915;SZG
1917;BEG
1919;FSC
1920;TLS
1921;MMX
1922;DUB
1923;MXP
1926;NYO
1927;SUF
1929;SKG
1932;ORK
1935;BLQ
1937;INN
1943;HEL
1944;SKG
1945;BIQ
1946;VIE
1947;DRS
1949;GVA
1950;ZAG
1951;TKU
1953;SOU
1955;FLR
1957;ATH
1959;JTR
1962;DBV
1963;BFS
1965;SVO
1968;FLR
1969;HER
1972;AGP
1973;SVX
1974;FRA
1976;BFS
1982;CPH
1986;NCL
1994;AER
1999;GOT
2000;NUE
2001;KBP
2002;TOS
2005;BRQ
2011;REU
2012;GVA
2021;ACE
2024;BEG
2026;KSC
2029;ALA
2031;TRD
2032;FAE
2035;BTS
2040;XRY
2042;BEG
2045;CPH
2047;KGS
2049;AHO
2053;DEB
2058;LGW
2060;LJU
2063;TZX
2073;PMI
2075;TGD
2079;BCN
2082;GOT
2083;TRF
2084;BHD
2089;SZG
2091;SDR
2093;BRQ
2094;SVX
2096;TRD
2099;KGS
2100;ODS
2101;GOT
2105;TLN
2106;PFO
2107;AES
2110;SVG
2112;VIE
2113;WRO
2114;ANR
2117;TSF
2118;TRD
2121;NCE
2123;DUS
2127;PUY
2128;BRE
2131;TXL
2133;EVN
2135;MLA
2138;KGS
2140;LPA
2141;LJU
2145;BEG
2146;INI
2149;STN
2152;AAR
2156;IEV
2158;KUN
2159;VCE
2160;TLL
2166;SXF
2170;OLB
2171;ORK
2172;VCE
2173;BRE
2178;PSR
2179;BEG
2181;SCQ
2182;IAS
2185;BRI
2187;PRN
2188;LUX
2190;NAP
2194;ZRH
2195;LEI
2197;BVA
2198;MXP
2201;AHO
2202;TRD
2203;CGN
2206;OTP
2208;SOU
2209;CDG
2210;RNS
2212;PAD
2219;BES
2222;KRK
2224;ODS
2225;GRO
2226;GLA
2229;ORY
2232;BVA
2235;HER
2236;ALC
2237;MST
2240;LIL
2242;LUG
2245;RIX
2248;ANR
2249;SUF
2255;NRN
2257;NCL
2258;VKO
2261;GRQ
2262;BER
2263;WRO
2267;ALC
2269;RUN
2270;SKG
2275;LHR
2276;BGY
2280;KEF
2284;WMI
2287;IBZ
2289;BRN
2290;AGP
2291;BDS
2292;KRS
2293;SVO
2295;FUE
2298;GOT
2307;FKB
2308;VAR
2309;ZRH
2310;LIS
2319;BRN
2322;DME
2324;DUB
2330;BLQ
2331;LUG
2332;XRY
2334;BRQ
2338;BEG
2340;PSR
2345;MAN
2347;SEN
2350;RHO
2351;CAG
2353;MST
2355;BRU
2357;DUS
2364;BGO
2367;TZL
2370;ATH
2372;ARN
2374;AGP
2375;BLQ
2377;FNC
2378;AMS
2382;FUE
2384;SVQ
2385;BEG
2388;AHO
2389;NUE
2391;TBS
2393;PIK
2394;TRD
2396;PFO
2397;GDN
2398;SOU
2402;TOS
2403;NRN
2412;FMO
2414;WMI
2415;PUY
2418;MAD
2421;HAJ
2422;BEG
2423;IBZ
2427;TOS
2429;TZX
2432;IAS
2437;VCE
2441;TKU
2442;LCY
2444;SDR
2445;HAU
2446;EDI
2448;HHN
2451;LED
2460;BHD
2462;JER
2464;AGP
2465;ATH
2470;NCE
2471;CDG
2472;FCO
2474;IEV
2476;BLQ
2477;SUF
2478;KRK
2479;GOA
2483;BRE
2484;AHO
2487;SVG
2489;VNO
2490;TRF
2498;GOT
2499;HAU
2503;DLM
2505;NCE
2507;KRS
2509;SCQ
2510;GOA
2514;KTW
2519;TLS
2520;PRG
2522;RIX
2525;CIY
2527;MPL
2529;PSA
2531;BHD
2532;VAR
2533;SUF
2534;VST
2536;TFN
2539;TZL
2540;CIA
2541;LGG
2542;ACE
2543;OUL
2546;NAP
2547;KIV
2549;BUD
2556;LUX
2557;TZX
2558;DLM
2560;LNZ
2562;MAH
2563;BRE
2568;BJV
2569;KSC
2572;TXL
2575;BEG
2579;GVA
2581;MUC
2582;TXL
2585;CIY
2586;BMA
2588;NCE
2589;LBA
2590;DEB
2592;BUD
2595;IAS
2598;ABZ
2599;STN
2600;BEG
2602;SZG
2607;KLU
2608;AAR
2609;AOI
2610;GOA
2611;PAD
2612;ABZ
2613;BIQ
2616;SVO
2618;ZAD
2619;KRS
2622;VLC
2627;NCE
2630;SJJ
2631;KRK
2635;OPO
2636;HAM
2637;GVA
2638;KRK
2642;TIV
2646;OLB
2653;AMS
2654;HAU
2656;KIV
2660;LEJ
2661;BEG
2666;SKG
2672;LWO
2673;BER
2674;HER
2675;TLL
2676;BSL
2677;MLA
2678;SVX
2679;DBV
2680;STN
2685;PMI
2689;VLC
2694;FKB
2695;LHR
2698;BHD
2699;GDN
2700;ESB
2701;TKU
2705;LCY
2712;ARN
2713;LIL
2715;BRS
2717;TRF
2718;SJJ
2719;BVA
2720;DBV
2722;AMS
2725;PRG
2728;PMO
2730;TZL
2731;LCA
2732;BVA
2735;VST
2736;BCN
2737;KIV
2738;FLR
2741;KTW
2742;LEI
2747;DUB
2749;TKU
2750;BMA
2752;FNC
2755;TFN
2760;ABZ
2761;BRE
2762;OLB
2763;CPH
2764;FLR
2765;CTA
2768;KRK
2769;BGO
2770;BRS
2771;KRK
2774;BEG
2775;KIV
2777;SJJ
2783;KEF
2787;TIA
2789;ALA
2790;TFS
2791;BRN
2796;BEG
2797;HAU
2798;SVX
2801;SKG
2806;SEN
2807;RHO
2808;VKO
2811;AGP
2813;XRY
2815;PSR
2816;BEG
2818;FAO
2819;CHQ
2822;BEG
2827;EDI
2836;FUE
2839;BRE
2840;OPO
2846;BUD
2847;ZTH
2848;MRS
2850;CGN
2851;GRO
2853;BEG
2855;TMP
2856;BMA
2857;BSL
2860;TSR
2861;SVG
2862;AAR
2869;AAL
2870;INN
2871;OVD
2877;PUY
2878;EMA
2880;BOD
2885;LNZ
2886;ACE
2889;PMO
2890;ADA
2897;CPH
2901;SXF
2902;TIA
2906;KSC
2907;BEG
2910;GRQ
2911;HAJ
2912;NCE
2913;HER
2914;RVN
2917;LUX
2918;KLU
2920;NTE
2923;SOF
2924;CLJ
2925;PDL
2938;SAW
2941;KUN
2942;GOA
2945;BEG
2947;CRL
2948;BGY
2949;HAM
2950;ALA
2953;FMM
2955;EVN
2956;WAW
2961;AAR
2967;ANR
2969;VRN
2975;OPO
2982;AHO
2986;SPU
2988;CGN
2989;LYS
2991;NCL
2994;GRZ
2997;SVG
2998;ACE
2999;FKB
3002;LPL
3004;TRD
3006;LPA
3009;TFS
3011;ZTH
3013;AGP
3014;SAW
3021;BEG
3022;TLS
3029;CDG
3030;LGW
3031;FCO
3035;BRQ
3040;FRA
3041;SVG
3042;HAU
3049;CIA
3051;GVA
3052;CDG
3055;OSL
3059;TPS
3060;NRN
3061;SKG
3063;BLQ
3067;PMO
3069;GRO
3070;TSE
3072;BEG
3077;NOC
3078;BRU
3079;KUN
3081;FMM
3082;SDR
3084;LCA
3085;NAP
3086;LWO
3091;WRO
3093;TSR
3094;ABZ
3096;SZG
3097;MLA
3098;RMU
3099;LEI
3100;BVA
3101;LUG
3109;TPS
3111;TLN
3112;CHQ
3115;SOF
3117;AER
3118;OST
3125;SXB
3126;NUE
3128;HUY
3131;FKB
3137;VAA
3140;PAD
3142;BRS
3147;BDS
3149;BEG
3150;SUF
3152;SXF
3153;LBA
3155;BTS
3156;LPL
3159;MPL
3160;SXB
3169;BEG
3171;OSL
3178;RIX
3179;GOT
3186;BRE
3188;INI
3191;KTW
3195;MSQ
3200;CPH
3201;ARN
3204;BEG
3206;DRS
3207;GYD
3211;VAA
3213;TBS
3216;CWL
3220;RMU
3221;BSL
3223;OST
3226;CGN
3229;BEG
3230;BEG
3236;ORY
3239;STR
3241;AOI
3244;HEL
3247;FDH
3251;BMA
3255;LNZ
3256;DUB
3260;BEG
3264;LHR
3266;LGG
3269;REU
3271;BLQ
3274;EXT
3278;TRD
3282;EMA
3289;PRN
3290;GLA
3291;SOU
3293;MST
3299;PSR
3304;SJJ
3307;LCY
3308;TKU
3319;LPA
3322;BEG
3325;BES
3330;LUG
3333;VST
3334;KEF
3335;TRD
3336;ATH
3341;DUB
3342;FCO
3346;KIR
3348;ATH
3350;GRZ
3351;SVO
3352;AAR
3354;LIS
3355;BEG
3356;SUF
3357;IEV
3359;EGC
3360;TXL
3361;TPS
3362;BCN
3364;ZRH
3365;LIS
3366;VLC
3367;FUE
3374;BVA
3376;FSC
3379;BMA
3380;AJA
3381;AER
3385;IAS
3386;RUN
3388;MRS
3389;DEB
3390;RTM
3391;NCL
3393;ALC
3394;PRG
3396;SVG
3397;IST
3400;BEG
3401;BFS
3402;WRO
3404;DBV
3405;LWO
3410;PMO
3411;KGS
3413;STR
3414;BEG
3415;BTS
3416;MAN
3421;LJU
3424;BHX
3425;NTE
3430;STN
3434;PMO
3438;BGY
3441;IEV
3444;TXL
3445;ORY
3447;AMS
3448;BGO
3449;PMO
3450;BFS
3452;GRQ
3453;BGY
3455;BER
3457;CRL
3458;XRY
3459;TIA
3460;OVB
3461;GDN
3462;BEG
3463;TPS
3465;DLM
3466;AOI
3467;LYS
3470;NRN
3472;HUY
3474;XRY
3475;LEJ
3476;ARN
3482;DBV
3489;SZG
3490;BEG
3492;JER
3499;SKG
3501;ABZ
3502;FMO
3503;FAE
3505;AOI
3510;LWO
3512;KUN
3514;GRO
3515;FRA
3519;DEB
3520;TLS
3523;VAA
3524;BEG
3525;TKU
3526;VCE
3528;ARN
3535;DLM
3538;TIA
3546;BES
3547;BEG
3548;IEV
3551;BEG
3553;VRN
3555;LWO
3556;BCN
3558;TIV
3560;LPA
3562;LIS
3565;FMO
3566;FRA
3569;VAA
3572;NAP
3581;ADB
3587;GOA
3593;BVA
3595;SUF
3599;LUG
3601;DUB
3602;PDL
3604;TSR
3606;KRS
3608;PAD
3610;NUE
3611;BUD
3612;VLC
3614;RHO
3615;NOC
3617;SPC
3622;REU
3627;INN
3628;HEL
3630;TLN
3634;PMI
3635;TZL
3643;BLQ
3647;SKP
3648;ABZ
3649;VIE
3655;DSA
3663;BEG
3665;CDG
3666;ORK
3669;PUY
3670;TGD
3674;MRS
3675;VLC
3677;TKU
3680;ABZ
3681;WRO
3684;LEI
3685;OLB
3688;TZX
3693;TMP
3694;FKB
3696;BEG
3699;AGP
3700;ANR
3701;BTS
3702;MUC
3703;ZAZ
3704;ADA
3706;LIL
3711;BRS
3712;EIN
3714;JTR
3715;SNN
3716;PFO
3717;TRD
3718;LCY
3719;SDR
3728;ZAG
3729;ALC
3735;ALA
3739;FRA
3741;SKG
3742;LPL
3746;LTN
3751;HEL
3755;PSA
3757;FMO
3764;BRS
3765;AAL
3767;ODS
3768;LJU
3772;BIA
3774;MPL
3776;GRZ
3779;RUN
3780;LEJ
3782;MAH
3783;BEG
3788;HAM
3799;RTM
3803;BSL
3807;TSR
3808;SPU
3809;JMK
3810;BEG
3812;PRN
3814;NCL
3815;SXF
3816;MUC
3817;SDR
3820;ADB
3826;CLJ
3828;FAO
3829;HER
3830;TBS
3835;DLM
3836;GLA
3844;TSE
3848;BVA
3850;TRN
3851;WRO
3855;LEI
3858;AOI
3859;EIN
3860;LIL
3867;BEG
3869;KEF
3870;ANR
3871;SEN
3872;BJV
3878;LUX
3883;HAM
3884;SNN
3888;TLL
3889;BRN
3892;OPO
3894;TLL
3898;CIA
3899;BSL
3900;TLS
3902;SJJ
3907;BGO
3908;TSR
3914;BRQ
3918;BOJ
3922;LEI
3924;KTW
3927;BEG
3928;BRN
3930;TSE
3931;BEG
3934;TRN
3936;CRL
3937;KGS
3942;BFS
3947;BEG
3949;STR
3954;CIY
3955;LUX
3957;BEG
3959;OLB
3960;SOU
3962;KGS
3963;EGC
3966;PRG
3968;WMI
3973;PSR
3978;MPL
3979;TXL
3981;TBS
3989;FKB
3990;JTR
3991;FAE
3992;PIK
3993;TIV
3995;EXT
3996;CWL
3997;BGY
3998;DRS
4003;BEG
4004;RNS
4007;SKG
4008;ESB
4009;EVN
4011;BRU
4014;FKB
4026;PRG
4027;HAU
4029;LGG
4030;NCL
4031;LNZ
4032;LUG
4033;TSR
4038;BEG
4039;MPL
4042;INI
4047;HEL
4048;AES
4049;PDL
4050;STN
4051;TRF
4053;LUX
4054;CGN
4055;MPL
4056;EVN
4058;KUN
4060;CLJ
4061;PRN
4062;ZRH
4063;VLC
4068;ESB
4070;BER
4071;MRS
4072;CLJ
4080;KLU
4081;SOF
4082;BOO
4083;SXB
4090;MAD
4092;BRE
4098;ZAG
4103;MLA
4105;NUE
4106;VLC
4108;SNN
4110;VRN
4115;JER
4118;GOT
4123;CIY
4126;MST
4129;GRZ
4133;AAL
4134;BUD
4135;BER
4149;RMU
4152;BSL
4153;FNC
4158;FUE
4159;SKP
4160;INN
4161;WRO
4167;BEG
4174;LWO
4179;LYS
4183;DRS
4186;OPO
4187;BMA
4190;VLC
4191;TBS
4192;MPL
4193;LED
4194;LPL
4199;TLN
4201;LNZ
4203;LCY
4205;SOU
4206;TOS
4208;VAA
4210;FRA
4212;AYT
4214;AHO
4217;LCA
4218;TPS
4219;BSL
4220;ATH
4222;RIX
4223;SCQ
4224;ZAZ
4225;DBV
4228;BIQ
4232;NYO
4236;LPA
4241;HHN
4242;OPO
4245;RUN
4246;DBV
4247;VNO
4248;AGP
4249;POZ
4251;BRU
4255;CPH
4258;BRS
4262;INN
4263;AYT
4264;TIA
4265;LTN
4270;TKU
4271;CDG
4272;SVX
4275;HHN
4277;BOD
4278;BRS
4280;GDN
4285;IEV
4289;RNS
4294;SJJ
4297;TFN
4303;RNS
4305;DEB
4306;AES
4307;GRQ
4309;GLA
4313;OPO
4316;ABZ
4322;PEG
4327;TMP
4328;JMK
4332;ARN
4338;BVA
4339;DUB
4340;SEN
4343;BEG
4344;BFS
4346;LWO
4348;NCL
4349;CIA
4351;LUG
4352;BRN
4354;JMK
4356;HAU
4357;OUL
4361;LUG
4363;DTM
4366;DUB
4367;MAH
4368;ORK
4372;ZAZ
4374;FMO
4375;BIO
4377;LBA
4378;LYS
4379;STN
4380;BEG
4381;CHQ
4382;ZAZ
4384;EMA
4386;BEG
4387;FAE
4389;BOJ
4392;KSC
4394;ADB
4397;AER
4398;BCN
4399;BRN
4402;LYS
4403;WRO
4410;GRO
4416;STN
4417;BER
4419;OVB
4420;SCQ
4422;SKG
4423;OLB
4425;ACE
4428;VST
4429;RVN
4430;PFO
4434;PEG
4437;FDH
4440;IBZ
4443;VLC
4444;ADB
4446;CAG
4449;ZAD
4452;BEG
4453;AJA
4454;MST
4455;VIE
4456;TMP
4460;CGN
4461;KBP
4463;KIV
4464;PRG
4465;FAO
4467;CFU
4468;NRN
4471;SCQ
4472;ZRH
4481;AMS
4483;BHX
4484;RUN
4485;KIV
4489;PRG
4491;HER
4493;BRN
4494;FUE
4495;PDL
4496;EDI
4501;BOO
4504;LPL
4506;OUL
4507;RIX
4508;TIV
4509;OLB
4512;TFS
4513;NUE
4514;PMI
4515;BRI
4519;RTM
4523;PMI
4526;LBA
4530;KSC
4531;DBV
4532;EIN
4533;CRL
4534;TRN
4540;RVN
4542;IEV
4543;ADB
4545;BCN
4551;LGG
4552;TZX
4554;RUN
4556;TIA
4558;DEB
4559;DSA
4561;BRE
4562;LUG
4564;LIL
4565;OVD
4566;BDS
4567;LEJ
4569;CFU
4572;BLQ
4573;GRZ
4575;BIA
4577;EMA
4580;FSC
4582;MRS
4585;BOD
4586;TOS
4589;OUL
4591;BIA
4593;BEG
4598;OTP
4599;ORK
4601;BJV
4602;BRI
4603;LTN
4606;STN
4607;GDN
4609;CRL
4610;RMU
4612;ZRH
4613;LHR
4614;HHN
4616;BEG
4619;MPL
4622;EGC
4623;KTW
4625;BJV
4626;PAD
4630;LNZ
4633;BTS
4634;RTM
4635;KGS
4642;OTP
4645;NAP
4651;ARN
4652;FAO
4653;LJU
4656;LUG
4657;CIA
4658;FMO
4661;SVG
4664;ADA
4668;SJJ
4671;GOA
4674;BGY
4676;MSQ
4678;BDS
4679;KGS
4680;SXB
4681;FMM
4682;BEG
4684;FNC
4690;OPO
4691;ANR
4693;LPL
4695;JMK
4703;MSQ
4705;WAW
4709;RUN
4713;DBV
4715;ZRH
4716;SAW
4725;BRU
4726;WMI
4728;EVN
4739;BRI
4740;CGN
4741;STR
4750;EVN
4753;DBV
4755;GRO
4758;JER
4763;AJA
4769;ABZ
4776;AAR
4777;TBS
4778;KSC
4780;WAW
4784;GOA
4787;LCY
4789;FNC
4790;GVA
4796;PIK
4797;TOS
4802;LPA
4806;ZAG
4807;RUN
4810;HAJ
4811;PMO
4818;TPS
4819;GRO
4820;AER
4821;FMO
4825;BER
4828;ORY
4830;IST
4831;MSQ
4832;FUE
4833;NCE
4835;EXT
4836;WMI
4838;KRK
4840;ZAZ
4841;RNS
4842;PUY
4843;BRI
4844;HEL
4847;CRL
4849;TOS
4851;SNN
4852;LGG
4853;BEG
4854;KRS
4855;LBA
4858;SCQ
4859;KSC
4865;BHD
4866;CPH
4867;CDG
4870;BOO
4872;SOF
4875;CGN
4879;IEV
4889;FMM
4891;WMI
4892;SOU
4894;GDN
4895;FMM
4896;LHR
4897;KTW
4898;GOT
4899;OVD
4900;WRO
4901;OVB
4902;TXL
4905;TFN
4907;BIA
4909;BOJ
4910;RMU
4913;OVD
4914;TOS
4916;FCO
4919;BEG
4920;ZAG
4921;SKP
4922;DTM
4924;AYT
4926;LGG
4927;FUE
4929;NAP
4932;ORY
4933;HAM
4935;SKP
4936;GRQ
4939;SVQ
4945;SKG
4947;PMI
4949;NCE
4950;VNO
4953;LIN
4955;NUE
4956;OPO
4959;KEF
4961;DRS
4962;ALC
4963;KGS
4964;BRI
4965;ARN
4967;LED
4969;EDI
4975;BIA
4977;BEG
4978;SOU
4985;SXF
4988;FMM
4989;JMK
4990;BOD
4991;TZX
4992;AJA
4995;LEI
5000;CPH
5001;GLA
5002;LUG
5003;GYD
5005;TSR
5008;SNN
5009;ADB
5012;HAM
5013;LCY
5014;LHR
5015;TRD
5018;LPA
5021;PFO
5022;MXP
5023;TIV
5024;ATH
5025;BGY
5027;VAR
5028;REU
5030;ESB
5031;FUE
5033;DUB
5035;TSR
5036;DRS
5037;PMI
5039;CFU
5041;BEG
5042;FRA
5044;ZAD
5046;ESB
5047;FDH
5049;LGG
5050;DLM
5052;TSF
5056;IBZ
5061;ATH
5065;KUN
5067;EDI
5069;VAR
5070;BEG
5071;GLA
5076;JMK
5086;SVQ
5087;HEL
5091;CAG
5092;MAD
5093;GOT
5096;SVO
5102;OST
5103;ZTH
5104;KEF
5109;BJV
5110;OLB
5113;DTM
5115;BEG
5117;BUD
5118;BEG
5120;MAN
5122;EMA
5123;AER
5124;AMS
5126;TIV
5128;ORK
5129;NOC
5130;BRQ
5137;AAL
5138;TIV
5139;AES
5144;RNS
5147;LBA
5150;PUY
5151;VAR
5152;AHO
5154;GLA
5161;PEG
5162;TBS
5164;AJA
5165;MST
5166;ZAD
5168;IAS
5169;SXF
5171;BER
5174;CDG
5177;ODS
5179;XRY
5185;SKP
5189;PEG
5190;AOI
5194;LYS
5204;TPS
5207;BOD
5208;TSF
5210;CLJ
5213;TIA
5214;CWL
5215;AYT
5216;VKO
5217;BEG
5218;NCE
5219;TMP
5220;LED
5222;AER
5224;SPC
5225;PSA
5226;GVA
5229;BRQ
5232;AHO
5234;CAG
5235;OVB
5238;NCE
5240;LIS
5241;HUY
5248;BMA
5249;OLB
5250;KGS
5251;AHO
5255;GOT
5256;KIV
5257;CLJ
5262;ATH
5263;OUL
5264;FAE
5268;BEG
5270;ZRH
5273;BJV
5276;SJJ
5280;TLL
5281;LEI
5283;LPL
5284;MMX
5288;EDI
5290;FCO
5291;HUY
5292;TKU
5294;HHN
5295;WMI
5298;DTM
5299;INI
5303;DME
5306;BMA
5307;JER
5309;ZAD
5310;CPH
5311;IAS
5312;AER
5317;SAW
5320;DTM
5322;NTE
5323;JMK
5326;AAR
5327;IST
5331;HAJ
5332;GOT
5334;BEG
5340;BOJ
5341;KUN
5343;AOI
5350;PEG
5352;BSL
5353;ADA
5357;MUC
5359;ACE
5361;ADB
5363;KIV
5366;TGD
5367;CIA
5370;DUS
5374;PIK
5377;FKB
5378;RNS
5381;DUB
5387;AAR
5390;ZAG
5391;FCO
5395;MAN
5397;NTE
5400;AES
5402;EIN
5404;CAG
5405;TFN
5410;KUN
5411;LYS
5413;BFS
5416;ORK
5417;BLQ
5420;OVD
5423;SJJ
5424;INI
5426;PUY
5427;KTW
5432;SVX
5433;AAL
5437;PRG
5438;OPO
5440;PMI
5443;TSE
5444;TKU
5446;BOD
5447;BEG
5449;FMM
5455;AJA
5456;IAS
5460;SXB
5462;INN
5463;MPL
5466;FKB
5467;NAP
5468;CRL
5470;BRN
5472;LGG
5474;JER
5477;BEG
5483;EVN
5484;BES
5485;ANR
5492;AES
5493;AJA
5495;STR
5497;BSL
5498;NCE
5499;PDL
5502;SOF
5508;MSQ
5510;ACE
5511;BDS
5512;MPL
5513;VLC
5514;BRI
5519;VRN
5520;GYD
5521;BEG
5522;OLB
5525;AJA
5527;TRN
5529;HHN
5530;FNC
5534;TMP
5537;ATH
5538;BVA
5540;WMI
5542;WAW
5544;GRZ
5547;GRQ
5548;AYT
5549;SNN
5553;INN
5557;IAS
5561;CRL
5563;AMS
5564;VLC
5567;HHN
5570;KLU
5574;SNN
5575;CFU
5582;BEG
5585;WRO
5587;MLA
5588;JMK
5589;ARN
5591;NYO
5593;VAR
5595;IST
5596;ANR
5597;LEJ
5601;LIN
5608;KEF
5610;KGS
5613;LGG
5619;FMO
5620;BEG
5621;LEJ
5626;LEJ
5627;SCQ
5631;EGC
5632;ACE
5634;LJU
5635;CWL
5640;LBA
5642;ADA
5643;BRU
5645;GRZ
5647;TFN
5650;IEV
5654;JMK
5655;SDR
5656;PUY
5661;VNO
5665;DSA
5669;BSL
5670;JMK
5674;PRG
5675;BSL
5676;ANR
5681;DSA
5682;SOF
5683;CFU
5686;GVA
5690;ZAZ
5691;OSL
5694;CHQ
5698;ANR
5700;ATH
5703;OSL
5705;AJA
5706;BOJ
5707;NRN
5711;PFO
5719;KLU
5722;BIQ
5726;LGG
5734;VRN
5741;ATH
5745;BEG
5746;HHN
5747;ORK
5754;PFO
5755;EGC
5756;NYO
5759;OTP
5761;SNN
5763;PIK
5766;VCE
5772;GDN
5773;LCY
5778;VIE
5779;LBA
5782;DSA
5791;BEG
5792;GDN
5793;BFS
5795;GLA
5796;IBZ
5798;SOF
5801;RNS
5803;PDL
5805;SXB
5809;BRE
5810;CLJ
5814;RHO
5816;CHQ
5819;XRY
5820;BER
5827;DUB
5828;CRL
5829;BLQ
5833;TFS
5834;FKB
5838;OUL
5839;FCO
5842;BRI
5846;KEF
5849;LCA
5851;BOO
5852;DTM
5854;KUN
5857;MAD
5859;DRS
5861;ATH
5863;LYS
5864;SZG
5868;OPO
5869;VNO
5870;MPL
5871;MSQ
5875;ABZ
5876;BEG
5882;GVA
5883;MAD
5884;KIV
5891;ORK
5892;MLA
5894;BRU
5900;SPC
5901;MMX
5903;DUS
5905;SPC
5906;ATH
5908;DME
5909;ARN
5910;STR
5911;MAD
5912;LTN
5914;BEG
5915;ZAZ
5916;AGP
5918;ACE
5920;ACE
5922;RTM
5925;GLA
5927;TGD
5930;BOO
5931;BEG
5934;BFS
5936;TSF
5937;GOA
5939;PRN
5940;BEG
5941;BRU
5943;NOC
5945;BHD
5946;IEV
5948;TIV
5952;SVQ
5954;LWO
5955;PSA
5956;LHR
5957;BCN
5958;SNN
5959;PSR
5960;TLS
5961;ABZ
5962;KSC
5963;CGN
5968;OUL
5969;ESB
5971;BES
5972;CWL
5974;FKB
5975;CRL
5977;BEG
5978;HAM
5980;IBZ
5981;HEL
5983;CIY
5995;TRF
5999;IEV
6008;ADA
6009;AER
6010;DSA
6012;BSL
6015;OSL
6016;SDR
6017;IAS
6020;PAD
6021;STR
6022;BIQ
6024;CIA
6030;BEG
6031;IBZ
6032;RUN
6035;TLL
6037;NCE
6038;SDR
6040;EXT
6042;OPO
6044;BMA
6049;SPC
6050;LBA
6053;BHD
6057;SKP
6058;TSF
6060;TFS
6061;ALC
6067;LGG
6069;LCA
6074;FMO
6078;BER
6079;EMA
6082;CAG
6083;LBA
6084;IEV
6085;BEG
6095;SKP
6096;BRU
6097;RTM
6100;CFU
6101;TSF
6104;SJJ
6106;OVD
6108;FAO
6110;BLL
6111;TBS
6112;BEG
6118;NUE
6119;FLR
6120;TBS
6121;FMO
6122;TZX
6123;EIN
6124;GYD
6126;NCE
6129;VST
6130;BOJ
6131;RHO
6133;EDI
6134;RTM
6139;CPH
6142;BRS
6145;TXL
6146;AAL
6148;MAD
6149;STR
6150;IST
6151;GRO
6152;NCL
6153;KIR
6155;PMI
6156;GRQ
6158;LHR
6163;NTE
6164;NUE
6167;AES
6168;CWL
6172;HAJ
6173;LGG
6174;AES
6175;FDH
6178;BRN
6181;VCE
6184;EXT
6185;SPU
6188;BES
6189;BEG
6190;PSR
6191;OVB
6195;BSL
6196;TRN
6197;NCE
6198;STR
6199;CIA
6201;VLC
6208;IEV
6211;LIS
6212;LTN
6213;CFU
6216;LCA
6217;BEG
6218;VCE
6220;AHO
6222;DUS
6223;SVQ
6224;ABZ
6226;BDS
6229;NUE
6230;HAJ
6231;LBA
6235;GRO
6236;TLS
6239;BUD
6241;STN
6245;LIN
6247;GLA
6252;HUY
6254;DBV
6255;LJU
6256;LTN
6259;MAH
6261;OTP
6262;AAR
6267;XRY
6272;PSR
6274;PFO
6275;SKG
6276;MAN
6282;NRN
6283;NAP
6284;SVX
6286;HAM
6292;ALA
6293;ALC
6294;BEG
6296;RUN
6298;RIX
6299;TLN
6302;BEG
6303;GDN
6304;PRG
6306;MAH
6308;DME
6310;PUY
6311;TSF
6312;BEG
6313;PIK
6314;MST
6317;NCL
6319;BRI
6322;REU
6325;BRU
6326;SCQ
6327;KLU
6328;BVA
6332;HUY
6334;BVA
6336;PUY
6339;MLA
6341;BEG
6342;DEB
6345;KGS
6349;GLA
6350;LNZ
6356;LGG
6359;BHD
6361;TFN
6363;STR
6364;OVD
6372;LEJ
6374;BEG
6375;ACE
6381;DSA
6382;BRE
6383;BER
6386;CLJ
6392;BUD
6393;ARN
6396;ADB
6398;BEG
6400;KIV
6402;LCA
6404;LHR
6405;ZAZ
6411;GOA
6413;LCA
6414;LIN
6415;PIK
6417;ANR
6418;PMO
6420;AMS
6422;ADA
6423;POZ
6424;ODS
6427;VIE
6428;MST
6432;HER
6433;PMO
6436;NUE
6442;SEN
6443;PDL
6444;OVD
6447;LPL
6450;BEG
6451;SPU
6454;VIE
6459;LEI
6460;LIN
6461;WAW
6470;SPU
6472;ARN
6473;DLM
6474;CLJ
6475;BEG
6477;PRN
6478;ALC
6481;EMA
6483;TIA
6487;LHR
6497;TIA
6499;ORK
6500;NCL
6503;TRN
6507;TPS
6510;MUC
6511;BER
6513;JTR
6515;BRI
6523;DSA
6525;BFS
6527;RHO
6528;TKU
6529;HAU
6530;FMO
6531;HEL
6536;OPO
6538;PRG
6540;LWO
6544;BCN
6547;BIO
6549;BRQ
6550;LTN
6552;TFN
6554;JTR
6556;GRZ
6558;DUB
6560;DSA
6562;SUF
6565;VNO
6566;IAS
6567;KUN
6573;GOT
6574;BRE
6575;BOO
6577;BEG
6582;CGN
6583;OTP
6590;FMM
6596;HER
6597;TZX
6598;FDH
6599;RUN
6604;EXT
6606;MRS
6607;SOF
6611;INN
6615;ANR
6619;IEV
6621;TRD
6622;BCN
6624;ATH
6628;FMO
6630;VNO
6635;MLA
6636;BGY
6640;PIK
6641;VST
6642;AHO
6643;SVO
6644;RTM
6646;TLL
6648;ALC
6649;WMI
6654;OVD
6658;PRN
6663;ALA
6666;MLA
6667;OSL
6668;PFO
6669;CIA
6672;AER
6673;NCE
6675;FMM
6676;LHR
6679;MRS
6680;LEJ
6681;LIL
6682;JER
6685;INN
6688;AAR
6691;OVD
6694;TSR
6695;MMX
6696;HAJ
6697;EGC
6700;DUS
6707;ABZ
6709;TSR
6710;HAJ
6712;PSA
6718;BEG
6719;AOI
6721;BIA
6722;SJJ
6727;VST
6728;SDR
6729;CPH
6731;IST
6732;VCE
6735;NCE
6736;AMS
6737;CIY
6740;GOT
6742;BGO
6743;NTE
6744;AHO
6745;NCE
6746;SXF
6749;LNZ
6752;ALA
6758;KEF
6760;NYO
6762;DTM
6763;NOC
6767;MPL
6768;AMS
6769;ZAD
6770;TLN
6772;TRD
6773;GVA
6775;TXL
6776;OVD
6778;HAJ
6779;DSA
6781;LGW
6782;ZAD
6783;VST
6786;TLS
6787;MRS
6789;AAL
6790;BOD
6791;DME
6793;BCN
6794;BOJ
6796;LEJ
6798;LUG
6800;FAE
6802;DTM
6803;MLA
6805;BVA
6817;DSA
6819;GOT
6820;CGN
6821;FAO
6822;NCL
6823;JTR
6825;DUB
6829;VIE
6830;TLS
6834;AYT
6835;DEB
6839;KEF
6840;LUX
6841;TSR
6843;MST
6845;KRS
6849;ZRH
6852;BOJ
6855;PSA
6857;OLB
6859;TGD
6860;BEG
6862;TPS
6863;BGY
6868;TRD
6869;JTR
6871;CGN
6874;BOJ
6875;LGW
6877;TOS
6878;AGP
6879;ADB
6880;STN
6882;TRD
6887;AES
6888;CFU
6889;BSL
6890;LYS
6895;BEG
6896;RMU
6899;OUL
6902;ANR
6904;KTW
6912;CIY
6913;BIO
6914;HUY
6915;LIS
6918;BDS
6919;RNS
6924;TOS
6926;STN
6927;AAL
6930;AJA
6932;TXL
6933;ACE
6934;BHX
6935;OVB
6936;SXB
6942;CTA
6945;SCQ
6948;RTM
6954;GOT
6956;VAR
6957;TBS
6958;DTM
6959;DLM
6960;ZTH
6963;RVN
6965;TLS
6968;EDI
6969;KUN
6970;SJJ
6972;ORY
6973;MAD
6974;GDN
6976;ZAG
6977;KBP
6978;BRI
6981;ARN
6984;AAL
6986;EIN
6988;RHO
6990;LHR
6992;KTW
6997;OST
7000;KLU
7002;RUN
7006;CLJ
7008;TLL
7010;STN
7012;MMX
7021;EGC
7024;FDH
7025;LIS
7026;ADA
7028;GOT
7032;BCN
7033;LCY
7034;OVD
7038;BGY
7041;HUY
7044;KRK
7045;GOT
7047;HUY
7049;BEG
7051;RUN
7052;SJJ
7056;BEG
7058;BES
7061;NCL
7062;BFS
7064;GLA
7065;CDG
7066;TSE
7069;KTW
7071;FMO
7073;BRE
7074;AER
7076;ABZ
7077;FMO
7079;KTW
7080;MST
7081;RHO
7085;HHN
7086;DRS
7088;BOD
7093;MAD
7099;INI
7101;VST
7102;TLS
7104;RIX
7105;GRQ
7110;EXT
7113;SJJ
7115;FCO
7116;EMA
7117;ACE
7122;ARN
7123;VLC
7125;ZRH
7126;FMO
7130;BEG
7131;XRY
7132;TPS
7133;BVA
7137;VAA
7141;DTM
7142;NCL
7143;KRK
7145;SDR
7146;TXL
7147;HER
7149;JER
7150;BEG
7151;HEL
7153;BUD
7154;RNS
7156;BRN
7161;SXB
7164;DSA
7165;LHR
7167;PDL
7168;KEF
7169;TIA
7175;BVA
7178;BGO
7179;KRK
7180;BJV
7185;GOT
7188;LGW
7190;OTP
7193;BTS
7194;SDR
7196;ZTH
7198;NTE
7199;SOU
7203;BEG
7204;VKO
7208;FKB
7210;NYO
7212;MMX
7213;AJA
7215;BEG
7216;CWL
7217;VLC
7218;PIK
7219;MXP
7222;EDI
7224;LCY
7225;CFU
7227;LBA
7229;IAS
7230;PDL
7234;SXF
7236;LPA
7237;BRQ
7239;SCQ
7240;DME
7242;AYT
7244;PIK
7247;LNZ
7248;WRO
7249;BEG
7252;TMP
7253;LCA
7254;TLL
7259;RNS
7260;AYT
7262;TMP
7266;ODS
7269;BEG
7270;BEG
7271;BGY
7272;OPO
7273;TKU
7275;BDS
7277;BIO
7278;PFO
7279;BLQ
7282;AOI
7283;IEV
7284;VAR
7287;KIR
7290;AAR
7295;TLL
7296;RUN
7298;GLA
7300;FMO
7302;ZTH
7303;MUC
7304;AAL
7305;FKB
7306;TRF
7312;HAM
7314;ZRH
7317;DSA
7320;AAL
7322;SVO
7323;BEG
7328;ABZ
7332;SCQ
7333;LPL
7336;GRQ
7338;KBP
7339;NOC
7340;BEG
7343;MMX
7348;SXF
7349;RTM
7350;ARN
7352;BLQ
7354;LBA
7355;LPA
7356;FDH
7357;BEG
7363;LNZ
7369;BOO
7370;BLL
7372;BEG
7373;WAW
7375;PUY
7377;AOI
7379;ORY
7380;BRE
7382;GRQ
7385;LGG
7387;BRI
7388;TRN
7392;LTN
7395;VLC
7397;DTM
7398;BJV
7401;LCA
7402;GRZ
7403;BEG
7408;TSR
7412;SOF
7415;ATH
7420;LEJ
7425;SOU
7426;BIA
7427;BUD
7431;SVX
7432;ZRH
7433;TFN
7434;PSA
7436;RUN
7437;RTM
7439;DBV
7446;ZRH
7449;TLN
7451;EGC
7453;GOA
7457;IBZ
7460;INI
7464;MAH
7465;KLU
7468;FUE
7470;PRN
7472;JMK
7473;BCN
7474;CWL
7477;CRL
7479;ANR
7483;TRD
7488;FRA
7489;VRN
7490;SCQ
7493;AAL
7497;JTR
7501;NTE
7502;LUG
7503;SJJ
7504;AES
7505;BEG
7506;LNZ
7512;DLM
7513;SOF
7518;TLS
7520;CDG
7521;BEG
7525;BES
7527;POZ
7528;ZRH
7531;BRE
7533;LYS
7534;JTR
7535;CTA
7536;SPU
7541;LNZ
7542;FCO
7548;VNO
7549;ALA
7550;ARN
7551;OSL
7552;PRN
7554;BOJ
7556;KIV
7557;LBA
7558;SPC
7560;GRQ
7562;FAE
7564;CGN
7566;TOS
7567;NOC
7569;XRY
7572;BEG
7573;SOF
7575;NYO
7576;BMA
7577;BGO
7580;AGP
7581;BRE
7584;FLR
7585;CIA
7590;RTM
7591;SKP
7594;CPH
7598;ANR
7599;PFO
7601;SZG
7607;WRO
7608;BTS
7609;TRF
7611;LUG
7612;STR
7613;DTM
7614;BRN
7615;RNS
7616;BER
7618;GVA
7620;LIS
7621;ORK
7631;BEG
7633;TSF
7636;BOJ
7637;BRS
7638;WMI
7641;AER
7644;LED
7646;VLC
7648;OLB
7652;OTP
7653;TIA
7654;PMI
7656;ESB
7660;RUN
7663;OPO
7665;AMS
7666;WAW
7667;NCL
7668;CAG
7680;PRG
7682;CIA
7684;CWL
7687;RUN
7695;TKU
7697;SZG
7700;VNO
7706;LEI
7708;SNN
7709;RMU
7711;RUN
7712;CRL
7715;FNC
7716;BRI
7718;BTS
7720;SPU
7721;TZL
7722;NYO
7733;EIN
7734;RIX
7736;TGD
7740;BUD
7741;FNC
7745;VAR
7747;BDS
7748;JER
7750;AHO
7753;BRN
7755;LTN
7756;PSA
7757;GYD
7758;TSE
7759;MRS
7764;NAP
7768;LPL
7770;LCY
7771;FCO
7772;FLR
7773;STR
7775;BUD
7778;OTP
7779;MSQ
7782;CHQ
7783;VKO
7784;VLC
7789;BEG
7794;EVN
7795;TMP
7796;DRS
7798;DLM
7801;LED
7803;LYS
7805;TFN
7806;MMX
7809;TSE
7810;SAW
7813;ACE
7814;KLU
7816;EVN
7817;LUG
7818;BRQ
7821;RHO
7822;TLS
7827;ZAD
7828;GRO
7829;SNN
7830;GOA
7831;CIY
7832;BEG
7834;SOF
7839;TGD
7843;BJV
7844;CTA
7845;WMI
7849;BEG
7851;FUE
7853;PEG
7854;ORY
7859;RVN
7871;BEG
7872;ADB
7873;FAE
7874;REU
7877;DTM
7885;SPU
7886;SDR
7887;FRA
7889;MLA
7890;TSF
7891;SXB
7895;MMX
7897;RVN
7902;CTA
7903;AOI
7909;BES
7910;BEG
7912;FKB
7914;PEG
7915;EDI
7917;BHD
7919;OVD
7920;DRS
7921;BIA
7924;TZL
7925;VLC
7928;HUY
7929;KBP
7931;BUD
7932;BER
7934;FKB
7937;ABZ
7938;GOT
7945;ZAD
7946;REU
7948;ESB
7950;FDH
7954;SPC
7956;TIA
7958;FRA
7961;TLN
7966;TRD
7967;LUG
7974;PIK
7975;RMU
7976;INN
7980;KSC
7986;BRU
7990;GRZ
7999;CFU
8002;RVN
8004;SXB
8005;KRK
8009;CAG
8011;PRG
8013;NYO
8018;TZX
8024;BGO
8025;TIA
8026;SVO
8028;ARN
8031;BEG
8032;VRN
8033;VKO
8035;AES
8039;OUL
8041;FMM
8042;PAD
8049;KRS
8050;RIX
8052;ZRH
8056;TKU
8057;FLR
8058;AAR
8059;BOD
8064;SCQ
8070;LIL
8074;SKG
8075;HAM
8076;TFS
8077;RHO
8078;LUX
8079;PSR
8084;NAP
8085;OVB
8088;DLM
8089;BEG
8093;STR
8094;EXT
8096;ZAD
8098;REU
8099;TBS
8102;DLM
8107;BMA
8112;WRO
8113;TXL
8114;DUS
8115;BRE
8116;DUB
8117;HER
8120;HAU
8121;EIN
8125;LGG
8127;GDN
8128;BLQ
8133;VST
8134;GOA
8139;TKU
8140;LUG
8144;TLN
8145;FUE
8147;EDI
8149;PDL
8150;XRY
8151;ANR
8157;BRU
8158;FSC
8159;KBP
8160;HHN
8163;BIQ
8165;SZG
8168;LEI
8169;NUE
8172;LED
8175;FNC
8176;DSA
8179;TRN
8180;BOD
8182;MPL
8186;SVO
8187;GOA
8188;BEG
8189;LIS
8191;SKP
8200;GYD
8202;HAJ
8204;OVB
8205;POZ
8206;GOA
8207;SKP
8208;BHD
8209;ZAZ
8215;FLR
8216;PEG
8221;LED
8222;PEG
8224;PRN
8226;TMP
8232;DUS
8240;TPS
8243;FKB
8244;WRO
8245;EGC
8246;FDH
8249;MMX
8251;AER
8252;BSL
8256;PUY
8261;RTM
8263;BRN
8267;NRN
8269;BHD
8270;SZG
8272;BIO
8275;EVN
8277;SPC
8283;KSC
8285;CRL
8286;ZAG
8287;INN
8290;ODS
8292;NUE
8294;HEL
8298;DUS
8299;SOF
8300;XRY
8310;LGG
8311;TSR
8312;HAU
8313;OST
8314;SEN
8315;PAD
8316;FUE
8317;TIV
8318;BUD
8320;GOA
8324;VAR
8329;BEG
8334;LGG
8338;CWL
8342;BIQ
8345;ESB
8349;BLQ
8351;CGN
8354;TOS
8357;SVQ
8359;PSA
8360;TFN
8362;CDG
8363;AAL
8365;NCL
8367;LUG
8369;CWL
8374;GVA
8377;XRY
8378;TLN
8379;MPL
8384;LYS
8386;BOO
8387;LWO
8388;PEG
8389;LIN
8391;NCE
8392;WRO
8394;PAD
8397;AAL
8400;LIL
8402;TSF
8403;AHO
8408;LIS
8410;REU
8411;RIX
8414;TLS
8418;BDS
8420;TPS
8424;ATH
8428;CWL
8429;RHO
8433;MXP
8435;LPA
8438;RIX
8441;BRS
8442;AGP
8443;CTA
8444;GYD
8448;AGP
8450;SDR
8452;VIE
8453;VAR
8454;BDS
8455;BMA
8457;MSQ
8461;ZTH
8464;GDN
8465;RNS
8466;EVN
8469;VRN
8470;AMS
8472;BVA
8473;DLM
8476;ORK
8477;OST
8478;NCL
8479;PSR
8480;TSF
8481;LIL
8483;TKU
8484;DME
8491;LGG
8497;AAR
8498;CTA
8499;BOO
8502;LCA
8506;JMK
8510;ARN
8512;WRO
8514;LIL
8521;GOT
8522;LPL
8523;JTR
8524;POZ
8528;TRN
8530;TLS
8532;LCA
8533;VCE
8534;WRO
8535;TRD
8537;SOF
8538;BHD
8542;DTM
8545;ODS
8547;AMS
8549;OUL
8551;ESB
8554;BRE
8556;LBA
8562;PFO
8564;STN
8565;BIO
8568;PMI
8569;RHO
8576;FAO
8577;RNS
8578;GRQ
8579;AES
8583;BES
8585;WMI
8586;BLL
8590;PFO
8591;LHR
8592;ACE
8594;ALA
8595;LIS
8599;TRF
8600;VKO
8602;REU
8603;ATH
8604;ZAD
8605;AER
8606;CPH
8607;OUL
8608;SEN
8611;SXF
8612;SZG
8613;PSA
8614;MRS
8616;DUB
8617;LPA
8621;RNS
8628;NTE
8630;PMI
8631;TFN
8632;BEG
8633;LEJ
8636;TLN
8637;BIQ
8639;VAA
8641;BRS
8642;FNC
8646;BLQ
8647;KIR
8650;VST
8653;ZRH
8654;GRZ
8655;SKP
8657;BRN
8661;AOI
8663;ZTH
8666;BDS
8667;TSF
8672;CLJ
8675;SVO
8676;AGP
8682;TOS
8685;CTA
8687;BEG
8690;SVQ
8695;LHR
8698;GOT
8702;TMP
8704;ALA
8705;SOF
8706;PMI
8708;NUE
8712;BMA
8715;TLL
8716;BRE
8721;AHO
8725;EMA
8726;MAN
8727;BIA
8728;MAH
8729;MXP
8731;ZAG
8733;DBV
8736;LPL
8737;NAP
8739;BRQ
8741;OVD
8744;INI
8748;SOU
8751;LUG
8752;EDI
8753;AES
8756;DUB
8760;NTE
8762;MLA
8763;CWL
8764;SVG
8766;KSC
8767;TKU
8769;AAR
8773;LIN
8776;LJU
8777;FLR
8779;KIV
8792;WAW
8793;SEN
8794;OPO
8795;SOF
8797;TLN
8799;PAD
8804;NYO
8806;BOO
8807;TGD
8808;BRE
8809;MST
8810;BEG
8812;TFN
8813;AHO
8815;LEI
8817;CTA
8820;BOO
8825;EMA
8826;NRN
8828;HAJ
8829;PMO
8831;INI
8832;STR
8837;EVN
8840;LGG
8841;LGG
8842;BVA
8844;NOC
8846;KRS
8849;SVG
8853;MPL
8854;BEG
8856;SXF
8858;TZL
8859;MLA
8861;FCO
8864;TZX
8866;FDH
8867;LED
8869;SVQ
8872;ALC
8874;VLC
8877;BCN
8878;NCL
8884;SZG
8885;BOJ
8887;IAS
8891;LUX
8895;BIO
8897;CIY
8899;CIA
8900;ODS
8901;LPA
8906;PFO
8908;SJJ
8910;STR
8911;VIE
8912;ABZ
8913;BEG
8915;NUE
8917;BRE
8920;CAG
8922;SDR
8925;TZL
8927;SVG
8932;SKP
8934;BSL
8935;ATH
8936;RVN
8940;BES
8943;CFU
8947;PSA
8948;INI
8952;IEV
8953;TGD
8954;MAH
8956;MST
8957;ACE
8959;MST
8960;GVA
8964;REU
8965;ORK
8966;ZAD
8969;VLC
8973;TZX
8974;KEF
8975;BEG
8981;RUN
8982;OSL
8984;AOI
8988;DRS
8992;TPS
8994;MPL
8995;BRS
8997;DEB
8999;AMS
9002;NCL
9004;BLL
9005;TSF
9007;EIN
9008;MLA
9009;CRL
9010;SXF
9014;BEG
9015;BTS
9018;IBZ
9019;VIE
9020;EMA
9021;CRL
9025;SOF
9026;TSF
9027;NCE
9030;SXF
9031;JMK
9032;BVA
9041;NCL
9050;MAN
9051;VKO
9054;SPU
9055;SNN
9056;LCA
9057;NCL
9058;GLA
9060;BEG
9061;BHX
9067;AES
9068;HAM
9069;SAW
9072;BEG
9073;ACE
9075;BRQ
9081;VLC
9082;ARN
9084;CHQ
9085;SVX
9086;BEG
9090;PRG
9091;TIA
9092;RNS
9093;ESB
9096;PIK
9098;LBA
9100;BGO
9101;BRN
9102;BRS
9109;SCQ
9116;EIN
9121;CIY
9123;MUC
9125;ZAG
9127;TFS
9129;ANR
9130;SVO
9131;OSL
9136;GDN
9137;MRS
9138;LIN
9140;TLL
9142;NAP
9145;FAE
9149;LGW
9150;SOU
9151;KLU
9152;EIN
9154;XRY
9162;BJV
9163;BEG
9164;VKO
9171;ODS
9174;SKG
9176;TZL
9177;RVN
9179;NYO
9183;TRF
9185;FLR
9187;FAO
9192;MRS
9193;NTE
9198;NCE
9201;FKB
9203;BSL
9205;DRS
9206;CWL
9210;LGW
9213;VKO
9215;PSR
9216;BUD
9217;LWO
9220;KLU
9221;LTN
9223;LGG
9225;BIO
9226;KUN
9234;AJA
9238;TOS
9241;EGC
9243;MUC
9244;EDI
9245;TLS
9247;KBP
9248;CRL
9249;PAD
9251;TSR
9254;EIN
9256;FKB
9267;ACE
9268;CAG
9271;FLR
9274;NCL
9275;BER
9277;EDI
9280;SXF
9283;BOJ
9284;KIR
9285;PDL
9286;LPL
9291;BLL
9295;ORY
9296;SAW
9298;MAD
9300;TZL
9302;DTM
9304;BIO
9309;HAU
9310;KTW
9317;ALC
9319;AOI
9320;NYO
9325;HAM
9326;VAR
9327;CFU
9328;FAE
9331;SZG
9332;KUN
9333;CIY
9338;AER
9341;GRZ
9342;CIY
9343;ZTH
9345;BOO
9346;BHD
9348;LEI
9353;TSE
9357;ODS
9359;NRN
9360;EXT
9362;STR
9363;GOA
9366;LGG
9368;HUY
9369;CRL
9370;DEB
9371;FUE
9372;SPC
9378;PIK
9380;BTS
9390;BES
9393;PAD
9397;ZAZ
9399;LIS
9405;RUN
9406;GVA
9408;SVQ
9409;KIV
9410;FCO
9411;PAD
9414;OTP
9415;BEG
9418;FUE
9424;LGW
9425;GVA
9428;CIA
9429;HEL
9431;HHN
9432;BHD
9437;TRD
9438;FKB
9439;SZG
9440;TOS
9442;BER
9447;ABZ
9450;LED
9451;AYT
9452;LIL
9458;TLN
9459;BRE
9462;LPL
9464;FMO
9465;DUB
9466;MAH
9468;MAD
9470;SVX
9472;NRN
9476;OVB
9477;BEG
9478;TZX
9481;TRF
9483;TMP
9484;FKB
9486;ATH
9491;SVX
9492;LWO
9493;RIX
9497;KGS
9500;MSQ
9501;SEN
9503;DUS
9505;PRG
9506;RHO
9510;GRZ
9511;EGC
9513;VRN
9514;BRN
9515;JER
9519;FRA
9520;TMP
9522;MMX
9523;EVN
9528;SOF
9533;BIA
9536;BRI
9538;REU
9542;TPS
9545;EXT
9546;BEG
9548;SVQ
9551;PIK
9552;SVO
9556;CPH
9557;SOU
9559;TSE
9560;ALC
9564;TRD
9565;SVO
9566;PAD
9568;BEG
9569;TRN
9576;BGY
9579;SVQ
9582;JMK
9584;TPS
9586;JTR
9587;BHX
9593;CRL
9604;VNO
9605;BIA
9609;LEJ
9610;ADA
9611;RHO
9613;ARN
9614;EGC
9616;PFO
9617;TRF
9618;PMO
9621;BMA
9622;DUS
9627;KRS
9628;SUF
9629;MMX
9632;SXB
9633;AER
9635;BOD
9636;PUY
9637;CFU
9638;AOI
9640;MLA
9643;CRL
9644;SEN
9645;IEV
9653;WRO
9654;VRN
9657;MXP
9658;MPL
9660;LTN
9661;VAR
9662;IAS
9665;CLJ
9666;KEF
9667;DUS
9668;HUY
9670;OUL
9672;TIA
9674;ZAZ
9675;OSL
9681;JTR
9682;LGW
9688;EIN
9698;TPS
9699;PDL
9701;EMA
9704;LCA
9709;LEJ
9710;BEG
9711;CPH
9714;BJV
9717;TIA
9719;PSR
9721;PIK
9722;BEG
9725;DUB
9727;PUY
9729;KUN
9731;SKG
9732;PRN
9737;PDL
9738;IAS
9743;TLL
9744;MAD
9745;BHD
9747;SZG
9749;FUE
9756;ACE
9757;BTS
9758;RNS
9761;LCY
9762;RUN
9763;BEG
9765;KRS
9767;BIO
9768;AAR
9772;DSA
9774;SEN
9777;NOC
9780;TZX
9784;PFO
9785;DTM
9787;BHD
9789;ATH
9792;VKO
9794;BIQ
9796;LTN
9798;LYS
9801;MAH
9802;CFU
9803;KSC
9804;TXL
9809;BLL
9810;BIA
9811;HAM
9812;NOC
9816;FNC
9817;TZX
9820;RVN
9824;BRN
9825;PMO
9826;SKG
9827;RHO
9828;ZAG
9832;BMA
9833;SNN
9836;BOO
9838;OVB
9839;ZAG
9841;BRS
9843;SUF
9844;BES
9851;EMA
9854;TLS
9856;VKO
9858;CGN
9859;VNO
9860;FRA
9864;NUE
9865;BGY
9866;BGO
9871;LBA
9874;LGG
9876;BEG
9878;FAO
9879;SOU
9881;AAR
9883;BER
9884;SXF
9885;DLM
9887;DSA
9889;KUN
9899;MAH
9900;BEG
9904;MXP
9905;VLC
9906;TIA
9914;TZX
9915;NCL
9916;LPL
9919;BEG
9923;SEN
9926;AGP
9927;EIN
9929;MAH
9930;ZTH
9931;VLC
9932;TFN
9934;TLS
9937;ADB
9941;OPO
9942;FCO
9944;FDH
9946;VCE
9947;PAD
9952;TKU
9956;FAE
9958;SVO
9964;HAJ
9966;STN
9967;GRO
9968;TKU
9969;LNZ
9971;TLN
9973;ODS
9976;CAG
9977;AER
9978;VKO
9980;AAR
9987;VIE
9990;AGP
9994;PUY
9995;TSE
9996;FUE
9998;GVA
9999;KRS
